<wpml-config>
	<admin-texts>
		<key name="pojo_a11y_toolbar_title" />
		<key name="pojo_a11y_toolbar_button_resize_font_add_title" />
		<key name="pojo_a11y_toolbar_button_resize_font_less_title" />
		<key name="pojo_a11y_toolbar_button_grayscale_title" />
		<key name="pojo_a11y_toolbar_button_high_contrast_title" />
		<key name="pojo_a11y_toolbar_button_negative_contrast_title" />
		<key name="pojo_a11y_toolbar_button_light_bg_title" />
		<key name="pojo_a11y_toolbar_button_links_underline_title" />
		<key name="pojo_a11y_toolbar_button_readable_font_title" />
		<key name="pojo_a11y_toolbar_button_sitemap_title" />
		<key name="pojo_a11y_toolbar_button_sitemap_link" />
		<key name="pojo_a11y_toolbar_button_help_title" />
		<key name="pojo_a11y_toolbar_button_help_link" />
		<key name="pojo_a11y_toolbar_button_feedback_title" />
		<key name="pojo_a11y_toolbar_button_feedback_link" />
		<key name="pojo_a11y_toolbar_button_vlibras_title" />
		<key name="pojo_a11y_toolbar_button_vlibras_link" />
	</admin-texts>
</wpml-config>
